primer,sequence_only,relaxed,pcr_friendly,strict,sequence_only_rate,relaxed_rate,pcr_friendly_rate,strict_rate
GACTCAATGTTTCTACCCCC,0,0,0,0,0.0,0.0,0.0,0.0
CTTACTACGCACCTATCTGC,100,0,0,0,100.0,0.0,0.0,0.0
CCAAGAGAGGGATTTCAGTG,0,100,100,0,0.0,100.0,100.0,0.0
CGGTAGTAGTGCTAATTCGG,100,100,100,0,100.0,100.0,100.0,0.0
GTGCCTTCTTTACTGTAGGG,100,100,100,0,100.0,100.0,100.0,0.0
CATCTATCCCTTCGAACGAC,100,100,100,100,100.0,100.0,100.0,100.0
CCCAACCTCACCTCTTAATG,100,100,100,100,100.0,100.0,100.0,100.0
GTTCTAGACCTCGACCCTTA,100,100,100,100,100.0,100.0,100.0,100.0
GATATCGTTCACTGGTCTCG,100,100,100,100,100.0,100.0,100.0,100.0
GAGACGAGCATGAGACATAC,100,100,100,100,100.0,100.0,100.0,100.0
GACAGAGATGCGATACAGTC,100,100,100,100,100.0,100.0,100.0,100.0
CCCTGGTTAAGATGGACAAG,100,100,100,100,100.0,100.0,100.0,100.0
GAACAAGAATACCCTCCACC,100,100,100,100,100.0,100.0,100.0,100.0
CCCAAGTGGTCTAACAGATG,100,100,100,100,100.0,100.0,100.0,100.0
CTCTAGACTCATCCCCCAAT,0,0,0,0,0.0,0.0,0.0,0.0
ATATAACCTCCCCTCCACTG,100,100,100,0,100.0,100.0,100.0,0.0
GAATCCACCTGTCTCCTTTC,100,100,100,100,100.0,100.0,100.0,100.0
GTGTCTCTATTGGGGTGAAC,100,100,100,0,100.0,100.0,100.0,0.0
CCACAGTCTAAGAGAAAGCC,100,100,100,0,100.0,100.0,100.0,0.0
GTCACCCAGTCACTATTTCC,100,100,100,100,100.0,100.0,100.0,100.0
GGGATGTTGACCAAGAGTAC,100,100,100,100,100.0,100.0,100.0,100.0
CCCAGGATTATCGCATACAG,100,100,100,58,100.0,100.0,100.0,58.0
GGTTCAGACAGTATTCCACC,100,100,100,100,100.0,100.0,100.0,100.0
CATACCCACTTCAGGAACAG,100,100,100,100,100.0,100.0,100.0,100.0
ATACCTGGATCTCTTGAGGG,100,100,100,100,100.0,100.0,100.0,100.0
CTGACAAACCTCCCAGTATG,100,100,100,100,100.0,100.0,100.0,100.0
TCGTGTAGTCTAGTCACTCC,100,100,100,100,100.0,100.0,100.0,100.0
CTCCCGAACCTAGACAAAAG,100,100,100,0,100.0,100.0,100.0,0.0
CTTAAGACTTGCTCTGACCC,100,100,100,100,100.0,100.0,100.0,100.0
GTAAAGAGCCTGTGTACCTG,100,100,100,100,100.0,100.0,100.0,100.0
CCAGTAGGTAGCCATAGGAA,100,100,100,100,100.0,100.0,100.0,100.0
TAGATACTTGAGAGGGGCTG,100,100,100,0,100.0,100.0,100.0,0.0
CTCTAGTAGTGTGCCCAAAC,100,100,100,100,100.0,100.0,100.0,100.0
CTACCTCCAAGCTACAACAC,100,100,100,100,100.0,100.0,100.0,100.0
CATCCTCCAGTATCCAGACT,100,100,100,100,100.0,100.0,100.0,100.0
GTCTAGTGCAAGGGTTACAG,100,100,100,100,100.0,100.0,100.0,100.0
GGAGAGCTAACACAGACAAG,100,100,100,100,100.0,100.0,100.0,100.0
GGGTATCCTAGAGAGCTGTT,0,100,100,0,0.0,100.0,100.0,0.0
GAGATCGCATACCAGGATTC,100,100,100,100,100.0,100.0,100.0,100.0
ATAGTAGGGTGTAGCTGTCC,100,100,100,100,100.0,100.0,100.0,100.0
GTTCGGGGATATACTTACGC,100,100,100,0,100.0,100.0,100.0,0.0
CTCCTTAGATATGAAGCCGC,100,100,100,48,100.0,100.0,100.0,48.0
GTGAGAGCTTTGTGACTAGG,100,100,100,100,100.0,100.0,100.0,100.0
GACCACTCTTCTTCGAACTC,100,100,100,100,100.0,100.0,100.0,100.0
GTAGGGGAAGATACTCGTGA,100,100,100,0,100.0,100.0,100.0,0.0
GTACACGGAGGTCAAGTAAC,100,100,100,100,100.0,100.0,100.0,100.0
TACTTACCTGCTAGACGGAG,100,0,0,0,100.0,0.0,0.0,0.0
AGCTAGTGTCAGGGTCTATC,100,100,100,100,100.0,100.0,100.0,100.0
GAGCTATAATCGTGCCTGAG,100,100,100,100,100.0,100.0,100.0,100.0
TATCGTCCCTACACTCTTCC,100,100,100,100,100.0,100.0,100.0,100.0
CTCCAACGAGTTAGTCTGTG,100,100,100,100,100.0,100.0,100.0,100.0
GATCCGGTAGTAGTTCCAGA,100,100,100,100,100.0,100.0,100.0,100.0
AGAGAGGGATTGTAGTACGG,100,100,100,100,100.0,100.0,100.0,100.0
GGGAGTAGATCAGTAACCGA,100,100,100,0,100.0,100.0,100.0,0.0
CCCATGAGGCTTTTCTAGAC,100,46,46,0,100.0,46.0,46.0,0.0
TACTCTCAGGGACGAATACC,100,100,100,100,100.0,100.0,100.0,100.0
CATCTGAACCATACCCACAG,100,100,100,100,100.0,100.0,100.0,100.0
GAAGAGCTAACCCAATCCAG,100,100,100,100,100.0,100.0,100.0,100.0
TACGACCAGAGACCAGTATC,100,100,100,100,100.0,100.0,100.0,100.0
CTTGGGGTCCTAGAAATTCG,100,100,100,0,100.0,100.0,100.0,0.0
GGGTAAAATTCTCCTCGGTC,100,100,100,0,100.0,100.0,100.0,0.0
CTCTCTGGTGCCATAAGTTC,100,100,100,100,100.0,100.0,100.0,100.0
CACTTAGATCTTGTGCCCTC,100,100,100,100,100.0,100.0,100.0,100.0
GTGTCTCATCCCACAATCTC,100,100,100,100,100.0,100.0,100.0,100.0
GAGACAGTAAATGGGAGCAG,100,100,100,100,100.0,100.0,100.0,100.0
GAACCCTGCTGACTTCTATG,100,100,100,100,100.0,100.0,100.0,100.0
CTCGTATAGGGGGTTCTCAT,0,0,0,0,0.0,0.0,0.0,0.0
CATGTGAGGTCATTCAGGAG,100,100,100,100,100.0,100.0,100.0,100.0
CGGAGAGAAATGTGGAGAAG,0,100,100,0,0.0,100.0,100.0,0.0
CCCGACCAATCTTAGAAGTG,100,100,100,0,100.0,100.0,100.0,0.0
GGAGCATGTTTACTGGTAGG,100,100,100,100,100.0,100.0,100.0,100.0
CTTCTTAGTCGTTAACCCCG,100,47,47,0,100.0,47.0,47.0,0.0
GAACCTCAAGAACCCGATAC,100,100,100,100,100.0,100.0,100.0,100.0
CTGATCCTTTCCTTGTCGAG,100,100,100,100,100.0,100.0,100.0,100.0
CTAGGCTGATTATCCGATGC,100,100,100,100,100.0,100.0,100.0,100.0
GGTAACCTAGCCGTACAAAG,100,100,100,100,100.0,100.0,100.0,100.0
CGTAATGTCAGTTCCCTCAG,100,100,100,100,100.0,100.0,100.0,100.0
CTATCCGCCTGAATAGATGC,100,100,100,100,100.0,100.0,100.0,100.0
AATCTACTCCCTGTATCCCG,100,100,100,100,100.0,100.0,100.0,100.0
AGAGGGAATAGTCGTATGGG,100,100,100,100,100.0,100.0,100.0,100.0
CCTATGTGTTGTACTGTCCG,100,100,100,0,100.0,100.0,100.0,0.0
CTACGAAGGAGCAGTGTAAC,100,0,0,0,100.0,0.0,0.0,0.0
GGTTAACGACATCTGGAGAC,100,100,100,100,100.0,100.0,100.0,100.0
GCTTCAGAGTAGAACAGAGC,100,100,100,100,100.0,100.0,100.0,100.0
GTACTGTCGTATTGGTGGAC,100,100,100,100,100.0,100.0,100.0,100.0
CAACGAGGAAAGCTCTAGTC,100,100,100,100,100.0,100.0,100.0,100.0
GCGAGGAAGTAGTAACAGTG,100,100,100,41,100.0,100.0,100.0,41.0
CTTGAGTTGTCGATCCTGAG,100,100,100,100,100.0,100.0,100.0,100.0
CTGAACTAGGCGTACTGAAC,100,100,100,100,100.0,100.0,100.0,100.0
ACGGATAGTAGGGTTCTAGC,100,100,100,100,100.0,100.0,100.0,100.0
GAGTGTACGTTCTCATCCAC,100,100,100,100,100.0,100.0,100.0,100.0
GTATAGACCCTTAGCCGAGT,100,100,100,100,100.0,100.0,100.0,100.0
GGGGATCTGAGTATTTGCAG,100,0,0,0,100.0,0.0,0.0,0.0
GCATGGGACTATTAAGGTGG,100,100,100,100,100.0,100.0,100.0,100.0
ATACTCATCGGACTCCTCAG,100,100,100,100,100.0,100.0,100.0,100.0
AAGAGTCGGATCTACTAGGC,100,100,100,100,100.0,100.0,100.0,100.0
ATCCGAGATCTACTGAGTGG,100,100,100,100,100.0,100.0,100.0,100.0
AGGAGACGATCTAGGATGTG,100,100,100,100,100.0,100.0,100.0,100.0
TCTCCTATTCAGACGCCTAG,100,100,100,100,100.0,100.0,100.0,100.0
GAGAAATCCATAGGGCAAGG,100,100,100,100,100.0,100.0,100.0,100.0
CCCTCCATGAGTTTATTCGG,100,100,100,0,100.0,100.0,100.0,0.0
GAGAATATTGACCCCGTTCC,100,100,100,0,100.0,100.0,100.0,0.0
AGTGAGCGGACCTATAGTAC,100,100,100,100,100.0,100.0,100.0,100.0
GACAGGGAGCATAGATTTGG,100,100,100,100,100.0,100.0,100.0,100.0
CCATCCCTGAGTTTTATCGG,100,100,100,0,100.0,100.0,100.0,0.0
GAGTTATCCAGCCTCCAATG,100,100,100,100,100.0,100.0,100.0,100.0
CATCTCTCACTAGCGGTCTA,0,100,100,0,0.0,100.0,100.0,0.0
GACTGCTTATAGGCCCTTTC,100,100,100,100,100.0,100.0,100.0,100.0
CCTGAGAATTTATGGGTCGG,100,100,100,0,100.0,100.0,100.0,0.0
GTCCATACTACGAGAGAGCT,0,100,100,0,0.0,100.0,100.0,0.0
CCGAGTTAGGTTGAATAGCC,100,49,49,0,100.0,49.0,49.0,0.0
CATACAATCAGAGAGCACCC,0,100,100,0,0.0,100.0,100.0,0.0
GGGCTGACTTCTATGATGTG,100,100,100,0,100.0,100.0,100.0,0.0
CTGGTAATCTTGGATGGTCG,100,100,100,100,100.0,100.0,100.0,100.0
GCTGCTAAGGTAAGATGGTC,100,100,100,0,100.0,100.0,100.0,0.0
GAGCGGTAACTATTCAAGGG,100,100,100,0,100.0,100.0,100.0,0.0
CCAATATCACGGTCTTGAGG,100,100,100,100,100.0,100.0,100.0,100.0
GCTCTCTCTTCCACTATTGC,0,100,100,0,0.0,100.0,100.0,0.0
GTAAGATCGGATTCCCACAC,100,100,100,100,100.0,100.0,100.0,100.0
GTGGATCAGGCTATGTTGAG,100,100,100,100,100.0,100.0,100.0,100.0
GAGGGTCTATTTGCTAACGG,100,100,100,81,100.0,100.0,100.0,81.0
CTCCTGCTATACTGCCTTTG,100,100,100,100,100.0,100.0,100.0,100.0
CGCTTAGATTCAAGAGGGAC,100,100,100,0,100.0,100.0,100.0,0.0
CATATGTTCTCCTGGTCGTG,100,100,100,100,100.0,100.0,100.0,100.0
GGTCTCTTGATTCTTAGCCG,100,100,100,0,100.0,100.0,100.0,0.0
CTACTTCCCACTTCCCACTA,100,100,100,100,100.0,100.0,100.0,100.0
CTAATCTCGGCTCCACTTTC,100,100,100,100,100.0,100.0,100.0,100.0
GGTCATAGTCAGATGTGCAG,100,100,100,100,100.0,100.0,100.0,100.0
CTCCGGCAAGATAAGAGAAC,100,100,100,24,100.0,100.0,100.0,24.0
GATTCTCGGCACTACAAGAG,100,100,100,100,100.0,100.0,100.0,100.0
TCTGGAGTAGGTGTAAGTGG,100,100,100,100,100.0,100.0,100.0,100.0
GCCACGTACCTTGAATCTAG,100,100,100,78,100.0,100.0,100.0,78.0
CTGTCTAATGTCCCGTAAGC,100,100,100,100,100.0,100.0,100.0,100.0
CGTAGTGGGAAATCTGCTAC,100,100,100,100,100.0,100.0,100.0,100.0
CTTATTCAGACCCGCAGTAC,100,100,100,100,100.0,100.0,100.0,100.0
CAAGACAGGCGGAGTATAAC,100,100,100,100,100.0,100.0,100.0,100.0
GATGGACCGACAGATAACAC,100,100,100,100,100.0,100.0,100.0,100.0
GAACAATAGAGTACCAGGCG,100,100,100,100,100.0,100.0,100.0,100.0
CCACTCTAAATACTGCCGTC,100,100,100,100,100.0,100.0,100.0,100.0
GTCGAGAATTAGCAGTGAGG,100,100,100,100,100.0,100.0,100.0,100.0
GACACCGACAATCTGATCTC,100,100,100,100,100.0,100.0,100.0,100.0
CGGAGAGCACTTGATTAGAC,100,100,100,100,100.0,100.0,100.0,100.0
TCCTCTAGTCTTGGTTCCAG,100,100,100,100,100.0,100.0,100.0,100.0
CTTCAGTGAGCGAGTTATCC,100,100,100,100,100.0,100.0,100.0,100.0
GAACGAGTGAGCAATCTAGG,100,100,100,100,100.0,100.0,100.0,100.0
CTGTTGCTACGACTTATCCC,100,100,100,100,100.0,100.0,100.0,100.0
CACTTAGCGTTGATAGGACC,100,100,100,100,100.0,100.0,100.0,100.0
GCTTACGCCTCTGTTAGTAC,100,100,100,100,100.0,100.0,100.0,100.0
GGGTAATCTCGTTCGTAACC,100,100,100,100,100.0,100.0,100.0,100.0
CTATCGGTGAAGCTGTGTAC,100,100,100,100,100.0,100.0,100.0,100.0
CTCCTGTGTACTTGTATCGC,100,100,100,100,100.0,100.0,100.0,100.0
CGTGTAAGGTCATTCGGTAG,100,100,100,100,100.0,100.0,100.0,100.0
GAAGATCGAGAGCTGACTTG,100,100,100,100,100.0,100.0,100.0,100.0
GATGCTGTCTTAGTACCGTG,100,100,100,100,100.0,100.0,100.0,100.0
CCGAGAGTCTGTCATAAACG,100,100,100,100,100.0,100.0,100.0,100.0
GAGTGCGAGTGAGTTATCTG,100,100,100,100,100.0,100.0,100.0,100.0
CTTGTCCAGATTAGTCGTCG,100,100,100,100,100.0,100.0,100.0,100.0
AGGCGTAGTATATGAGGTCC,100,100,100,0,100.0,100.0,100.0,0.0
CTCAAATCCATATCCAGGGC,100,100,100,100,100.0,100.0,100.0,100.0
GTATATGTAGGAGGGCGAGT,100,100,100,100,100.0,100.0,100.0,100.0
CTGTGACGAGCAAGAGATAC,100,100,100,100,100.0,100.0,100.0,100.0
CCGTAGATTCGTCAGTCTTG,100,100,100,100,100.0,100.0,100.0,100.0
GTCGAAGTAAAGCTAGACGG,100,100,100,53,100.0,100.0,100.0,53.0
CCACTCTTCAACTCTTTCCC,100,100,100,0,100.0,100.0,100.0,0.0
GTAGACAACGTACTAGCTGC,100,100,100,100,100.0,100.0,100.0,100.0
CAACCATGAGCATATCCTCC,100,100,100,100,100.0,100.0,100.0,100.0
GAAACTACAGTGGGAAAGGG,100,100,100,100,100.0,100.0,100.0,100.0
ACCCTCCTCCCTCTTATTTC,100,100,100,100,100.0,100.0,100.0,100.0
CTATTCATAGCCCGAAACCC,100,100,100,100,100.0,100.0,100.0,100.0
TCACAGGATAAGGGTAGTGG,100,100,100,100,100.0,100.0,100.0,100.0
GGTAGAGTGTTGTGTCTTGG,100,100,100,100,100.0,100.0,100.0,100.0
GAACTATGCAATCTCTCGGG,0,100,100,0,0.0,100.0,100.0,0.0
GTAATACCGAGAAGCATGGG,100,50,50,50,100.0,50.0,50.0,50.0
CAGTAGGCCCACGATTTATC,100,100,100,100,100.0,100.0,100.0,100.0
CCTCTTCGCATCAATCCTAC,100,100,100,100,100.0,100.0,100.0,100.0
CGGTTAATGTCCCTAGCATC,100,100,100,100,100.0,100.0,100.0,100.0
CTTCACTGTCCTGAGTTGAC,100,0,0,0,100.0,0.0,0.0,0.0
CATTCCGCTTATGGGTAGAC,100,100,100,100,100.0,100.0,100.0,100.0
ACCATAGTCCCCTTACAGTC,100,100,100,0,100.0,100.0,100.0,0.0
GGGCTAATCGTATTGGAGTG,100,100,100,0,100.0,100.0,100.0,0.0
TCTAGGTGTCTATACGAGCG,100,100,100,100,100.0,100.0,100.0,100.0
GGTGGGCTACGAAGAATATG,100,100,100,0,100.0,100.0,100.0,0.0
CCCTTGTCTGTATAGGTGGA,100,100,100,0,100.0,100.0,100.0,0.0
CGTCTCTTAATCTGCCATCC,100,100,100,100,100.0,100.0,100.0,100.0
CCACTTTATGTCGATAGGGC,100,100,100,0,100.0,100.0,100.0,0.0
CAGTACACGGTATTATGCCC,100,100,100,100,100.0,100.0,100.0,100.0
TCAGGGACAGGAGAATTAGG,100,100,100,100,100.0,100.0,100.0,100.0
CAGGCGGGACACTTATAATC,100,100,100,0,100.0,100.0,100.0,0.0
GGCTAACTATTACTCCGCAC,100,100,100,50,100.0,100.0,100.0,50.0
GAAAGGAGCTAATAGGACGC,100,43,43,43,100.0,43.0,43.0,43.0
CTTGATACAGATTACCGGCC,100,100,100,100,100.0,100.0,100.0,100.0
CATGATAACTGAGGCGGTAC,100,100,100,100,100.0,100.0,100.0,100.0
CGGACTTATCGTTCTTAGGC,100,100,100,0,100.0,100.0,100.0,0.0
CCGTAACAATCCACCTATCG,100,100,100,100,100.0,100.0,100.0,100.0
AGTTCAGACCCTCCTCATAC,100,100,100,100,100.0,100.0,100.0,100.0
AGGGTTGGTCATCTAGAGTC,100,100,100,100,100.0,100.0,100.0,100.0
CCATCTGGGTCTGTCTCTAA,100,100,100,100,100.0,100.0,100.0,100.0
CCGGAGTGTACGTGATATTG,100,100,100,0,100.0,100.0,100.0,0.0
CGATGAAGTGGCTGATACTC,100,100,100,100,100.0,100.0,100.0,100.0
CGACTAAATGACCATCTCCG,100,100,100,0,100.0,100.0,100.0,0.0
GATAGTGATTCGTGCTCAGG,100,100,100,100,100.0,100.0,100.0,100.0
ACGGGAGGTAGAAGTAAGAC,100,100,100,0,100.0,100.0,100.0,0.0
CATCATCTCGGCTGTTAGTC,100,100,100,100,100.0,100.0,100.0,100.0
GAAGTAAACCCTATACCGCG,100,100,100,100,100.0,100.0,100.0,100.0
GCGAAGTGATAGACATGGAG,100,100,100,49,100.0,100.0,100.0,49.0
GAGCGACTATGGTGTATGTG,100,100,100,100,100.0,100.0,100.0,100.0
CGAATCTGTAACCGAGGATG,100,100,100,100,100.0,100.0,100.0,100.0
CGGTCGATGAACATACTGAG,100,100,100,100,100.0,100.0,100.0,100.0
CGAGGGTGGTAGTTCTCTAA,100,100,100,100,100.0,100.0,100.0,100.0
CTCCAATTTGTACAGTCCCC,100,100,100,0,100.0,100.0,100.0,0.0
CGCGAATACTAAGTCAGGTC,100,100,100,0,100.0,100.0,100.0,0.0
GTAGCGAACAGTATCCGAAG,100,100,100,100,100.0,100.0,100.0,100.0
GATTTCCAAACCTCCCTGAG,100,100,100,100,100.0,100.0,100.0,100.0
CAACCAGGTCCCATTAACTC,100,100,100,100,100.0,100.0,100.0,100.0
CTTGGTAGAGTGTCCGTAGA,100,100,100,100,100.0,100.0,100.0,100.0
CTCCCTTGCCAACTTCTTAG,100,100,100,100,100.0,100.0,100.0,100.0
CGAGGTAGTGGTGTAGAGAA,100,100,100,100,100.0,100.0,100.0,100.0
GCTCCCAGTTCTTTAAGGAC,100,100,100,100,100.0,100.0,100.0,100.0
CACAAATAGTCCCTCACCAC,100,100,100,100,100.0,100.0,100.0,100.0
CTACCGTTAAAACCCTGACC,100,100,100,0,100.0,100.0,100.0,0.0
CCTGTTGCCTCTCTGTTTAG,0,100,100,0,0.0,100.0,100.0,0.0
GTAGAAAGGAAAGTCTGGGC,100,100,100,100,100.0,100.0,100.0,100.0
AGTACTTCTCCGTCAGACTC,100,100,100,100,100.0,100.0,100.0,100.0
GCCCTACAACACCTTTACTC,100,100,100,0,100.0,100.0,100.0,0.0
GGGGTCAGGGAGAGATAAAT,0,100,100,0,0.0,100.0,100.0,0.0
CTATCAATGCCTCGGGAATC,100,100,100,100,100.0,100.0,100.0,100.0
GCAGCCAGACATATACCATC,100,100,100,47,100.0,100.0,100.0,47.0
CCCATATGCTTTCGAGGATC,100,100,100,100,100.0,100.0,100.0,100.0
GGAGTCACGAAAAGGGTTAG,100,100,100,0,100.0,100.0,100.0,0.0
CAGGGGAAAACTTACTCGAC,100,100,100,0,100.0,100.0,100.0,0.0
CGTACTCTACACCAGACAGA,100,100,100,100,100.0,100.0,100.0,100.0
GATGCCGATAATACACCCTG,100,100,100,100,100.0,100.0,100.0,100.0
TGAATCTCCCCTCCATAGTG,100,100,100,0,100.0,100.0,100.0,0.0
ATCCACTCCAGTCCTATTCC,100,100,100,100,100.0,100.0,100.0,100.0
CTTGGAGCTGAAGAAGAGTG,100,100,100,100,100.0,100.0,100.0,100.0
CGTACCCATTCCAGCATATC,100,100,100,100,100.0,100.0,100.0,100.0
CTCTAGGTTAGGGGAGCAAT,100,100,100,0,100.0,100.0,100.0,0.0
AGACTTCCCACATAGATCCC,100,100,100,100,100.0,100.0,100.0,100.0
GGCACGCTAAGAATCTATCC,100,100,100,0,100.0,100.0,100.0,0.0
GGCATAGCTTCGGAATAGAC,100,100,100,39,100.0,100.0,100.0,39.0
GTTTCTTCTAGTCACCCTGC,100,100,100,100,100.0,100.0,100.0,100.0
CACCTCGTCCTTTACAGTTC,100,100,100,100,100.0,100.0,100.0,100.0
CCTCTTGACCCTATAGCACT,100,100,100,100,100.0,100.0,100.0,100.0
GTTATGTATAGGGCAGCGAC,100,100,100,100,100.0,100.0,100.0,100.0
GCGATTCTATAGGGTGAAGC,100,100,100,0,100.0,100.0,100.0,0.0
GGAGAGACTAACAAGTGTGC,100,100,100,100,100.0,100.0,100.0,100.0
GACTCACCGAACTACCAAAG,100,100,100,100,100.0,100.0,100.0,100.0
GCCATATCGTACTAACTGCC,100,100,100,0,100.0,100.0,100.0,0.0
GGTTACCCTTTGACAGTACG,100,100,100,100,100.0,100.0,100.0,100.0
CTAGCCCACTCTTCTGGTAT,100,100,100,100,100.0,100.0,100.0,100.0
TGATAGGTGGAGGTATGGTG,100,100,100,100,100.0,100.0,100.0,100.0
GGTGACCATATCTCAGTCCT,100,100,100,100,100.0,100.0,100.0,100.0
TCTTTAGTACGGATGGGGAG,100,100,100,0,100.0,100.0,100.0,0.0
GTATAAAGGATCTCGCAGGC,100,100,100,100,100.0,100.0,100.0,100.0
GGTCTATAATGTTCTCGGCG,100,100,100,0,100.0,100.0,100.0,0.0
CAGGACGTACTCTTCACAAC,100,100,100,100,100.0,100.0,100.0,100.0
CATGTGGACCCAGATCTCTA,100,100,100,100,100.0,100.0,100.0,100.0
CGACAGGACAAGTTCTCTTC,100,100,100,100,100.0,100.0,100.0,100.0
TAACGGACTAAGGAGATGGG,100,100,100,100,100.0,100.0,100.0,100.0
GTATCTAGGAGCTGACCCAA,100,100,100,100,100.0,100.0,100.0,100.0
GAGATCATAGTGACATGCGG,100,100,100,100,100.0,100.0,100.0,100.0
CGAGTAGACATCAATACCGC,100,100,100,0,100.0,100.0,100.0,0.0
GATAGCCCTTACTGGTCTGA,100,100,100,100,100.0,100.0,100.0,100.0
GCGTTTGGTATAGATCGGAG,100,100,100,56,100.0,100.0,100.0,56.0
ACCCGAGGACTCTTTAGATC,100,100,100,28,100.0,100.0,100.0,28.0
CGGTCTCATAAGGTCCCTAA,100,100,100,100,100.0,100.0,100.0,100.0
CATGCTATGCTCTAGTCGTG,100,100,100,100,100.0,100.0,100.0,100.0
CGAGTCCTCTGTTCTATGGA,100,100,100,47,100.0,100.0,100.0,47.0
GTCATTCTATACGTCCGCTG,100,100,100,100,100.0,100.0,100.0,100.0
ATCTAGACCCGAGTTGAGAC,100,100,100,100,100.0,100.0,100.0,100.0
TGGATAAGTCTACGGTGGAG,100,100,100,100,100.0,100.0,100.0,100.0
CAGTGCCTATCTCCAAAAGG,100,0,0,0,100.0,0.0,0.0,0.0
GTATCTGCTCGTAACATCCG,100,41,41,41,100.0,41.0,41.0,41.0
AGGGTCCGATTACAGTAGTC,100,100,100,100,100.0,100.0,100.0,100.0
GATGATTGGAAGGGGTTGAG,100,100,100,0,100.0,100.0,100.0,0.0
TGCTCACACTCTCCTAGATC,100,100,100,100,100.0,100.0,100.0,100.0
CATAAAAGGGTGCTGAGGAG,100,100,100,0,100.0,100.0,100.0,0.0
TGTCTCCCTTATACGAGTGG,100,100,100,100,100.0,100.0,100.0,100.0
CTAACTGGACATAGACCCGA,100,100,100,100,100.0,100.0,100.0,100.0
CCCACTACTACGAAGGATCA,100,100,100,100,100.0,100.0,100.0,100.0
TGTCGATCAGGAGTAGTCTG,100,0,0,0,100.0,0.0,0.0,0.0
CCCTCCTTAACATGCTTCTG,100,100,100,100,100.0,100.0,100.0,100.0
GGGTGTTTTATGCCTACTCC,100,100,100,0,100.0,100.0,100.0,0.0
AACACTACTACCTAGCCTCG,100,100,100,100,100.0,100.0,100.0,100.0
CATTCCTGAGTCATTCCCAC,100,100,100,100,100.0,100.0,100.0,100.0
CAGCCAATACCCTTTCTCTG,100,100,100,100,100.0,100.0,100.0,100.0
GGTCTGTATGGTCGTACTCT,100,100,100,100,100.0,100.0,100.0,100.0
CACTAGAAGAGCGTAGAGGT,100,100,100,100,100.0,100.0,100.0,100.0
GTTAGCCCCATCAAAGACTC,100,100,100,0,100.0,100.0,100.0,0.0
CACTGGCTTCCACTCAATAG,100,100,100,100,100.0,100.0,100.0,100.0
GAGCCATCTTCAAGTCTTCC,100,100,100,100,100.0,100.0,100.0,100.0
CAGAACCTGTTAGATGCCAG,100,100,100,100,100.0,100.0,100.0,100.0
GGGCTAAGAGGTTGAATGAC,100,100,100,0,100.0,100.0,100.0,0.0
GTCCCCTTCTCGTATTTTGG,100,100,100,0,100.0,100.0,100.0,0.0
GGATTAGTTGCCTGTGTACC,100,100,100,100,100.0,100.0,100.0,100.0
GGAGGGCTGAATTAACACTC,100,100,100,0,100.0,100.0,100.0,0.0
GACCTCACCCTGCTTTTATC,100,100,100,0,100.0,100.0,100.0,0.0
CTGGCACCTCAATGTAGAAG,100,100,100,100,100.0,100.0,100.0,100.0
CATAGAGTGAGACCGAGACA,100,100,100,100,100.0,100.0,100.0,100.0
GAAGAATCGTGTACCCCAAG,100,100,100,0,100.0,100.0,100.0,0.0
GGCATAGACTTTCCTCAACC,100,100,100,100,100.0,100.0,100.0,100.0
CTTCAGGGACATACAAGCTG,100,100,100,100,100.0,100.0,100.0,100.0
TCTGAGACTGATACCGTGAG,100,100,100,100,100.0,100.0,100.0,100.0
CAATAGTGGTTGTAGGGCAG,100,100,100,100,100.0,100.0,100.0,100.0
CAGTTGTTCCCCGTATCTTC,100,100,100,0,100.0,100.0,100.0,0.0
GGTAGTTGTCTCAGATTGCC,100,100,100,0,100.0,100.0,100.0,0.0
CGTGGGGATTTAGAAGTGTC,100,100,100,0,100.0,100.0,100.0,0.0
CAGTGCTCATGAAGGTACAG,100,100,100,100,100.0,100.0,100.0,100.0
CGATGCACATACATATCCCC,100,100,100,0,100.0,100.0,100.0,0.0
GTCTCCTACACCAATTTCCG,100,100,100,100,100.0,100.0,100.0,100.0
CTTGCTGGATGTCACACTAG,100,100,100,100,100.0,100.0,100.0,100.0
GTTCTAGATGGTCAGTTGGC,100,100,100,100,100.0,100.0,100.0,100.0
GTCTATGAACAGAACAGGGC,100,100,100,100,100.0,100.0,100.0,100.0
CATCAGTAGGTGTCTTGCTG,100,100,100,100,100.0,100.0,100.0,100.0
CTGGGTAAGTGAAATCGGTC,100,100,100,100,100.0,100.0,100.0,100.0
CAAACAACCTCTACCGATCC,100,100,100,100,100.0,100.0,100.0,100.0
CCGGTGAACTCTACAACATC,100,100,100,0,100.0,100.0,100.0,0.0
CAGGACCGAGAATGTAACAC,100,100,100,100,100.0,100.0,100.0,100.0
CATTCAACCTCCGAGTCTTC,100,100,100,100,100.0,100.0,100.0,100.0
GGAGTGTCTTCGTGTTATGG,100,100,100,100,100.0,100.0,100.0,100.0
ATGGGGAGTACATCAGATCC,100,0,0,0,100.0,0.0,0.0,0.0
CAGTACAAAGACCCGATCAC,100,100,100,100,100.0,100.0,100.0,100.0
CCCAAGGTAGATGCTAGGAT,100,100,100,100,100.0,100.0,100.0,100.0
CACAACTGACGGGTATCTTC,100,100,100,100,100.0,100.0,100.0,100.0
AGAGCAGGTATAATCAGGGG,100,100,100,0,100.0,100.0,100.0,0.0
ATTCTGCTAGGATCTCAGGG,100,100,100,100,100.0,100.0,100.0,100.0
CTGTCTTCCGTGTTATGGTC,100,100,100,100,100.0,100.0,100.0,100.0
GACCGTCAAACCATACTCTG,100,100,100,100,100.0,100.0,100.0,100.0
GGTCCTCGTTGTGATAACAG,100,100,100,100,100.0,100.0,100.0,100.0
CCATTGACGTGTACCTTACC,100,100,100,100,100.0,100.0,100.0,100.0
CGATATTAGGACGGACATGC,100,100,100,100,100.0,100.0,100.0,100.0
CTGAGAAACTCCGCTAAGTG,100,100,100,100,100.0,100.0,100.0,100.0
GCTCTTCTTTGTAGTCGGAC,100,100,100,100,100.0,100.0,100.0,100.0
GAAAGTACCGTGAGTTAGCC,100,100,100,100,100.0,100.0,100.0,100.0
CAAAGACGGTGCTGTAGTAG,100,100,100,100,100.0,100.0,100.0,100.0
TCCGGTCCTAATCCCTAATG,100,100,100,71,100.0,100.0,100.0,71.0
GAAGATGTCCGTTGTGAGAG,100,100,100,100,100.0,100.0,100.0,100.0
CACACTCCTACGTCATTGTC,100,100,100,100,100.0,100.0,100.0,100.0
AGATAGACGGGGACATTACC,100,100,100,0,100.0,100.0,100.0,0.0
CATACGTCAATATCGAGGCC,100,100,100,100,100.0,100.0,100.0,100.0
CTGTGTCTCCGTGAAAGATC,100,100,100,100,100.0,100.0,100.0,100.0
CCAGTAACTTAACGTCGGTC,100,100,100,100,100.0,100.0,100.0,100.0
TGGCATCAGATCTAGGACTC,100,100,100,80,100.0,100.0,100.0,80.0
GAGGTAGTCGCAACAGTAAC,100,100,100,100,100.0,100.0,100.0,100.0
CCTAGCTCCTCTATGCAAGA,100,100,100,100,100.0,100.0,100.0,100.0
GTAGATCCCTCGACTCCAAT,100,100,100,100,100.0,100.0,100.0,100.0
GTTTATATGCCCCCACACTC,0,0,0,0,0.0,0.0,0.0,0.0
GACTTACAGACACTAACGCC,100,100,100,100,100.0,100.0,100.0,100.0
GCTCCTGAAATTGGTATCCC,100,47,47,0,100.0,47.0,47.0,0.0
TCCGGATCTAGAAACTAGGC,100,100,100,0,100.0,100.0,100.0,0.0
CTGAGACTTGCTAACAGACG,100,100,100,100,100.0,100.0,100.0,100.0
CTCGGATCTGCGACATTATC,100,100,100,100,100.0,100.0,100.0,100.0
TGGCGTATTCCTAGAGTACC,100,100,100,0,100.0,100.0,100.0,0.0
GTACGTTGTGAGACTGTAGC,100,100,100,100,100.0,100.0,100.0,100.0
TGATCACTGGGTCGTATAGG,100,100,100,100,100.0,100.0,100.0,100.0
ACTAATACCTAGCGGACTGG,100,100,100,100,100.0,100.0,100.0,100.0
TGAAGCTATCCCTCGTACTC,100,100,100,100,100.0,100.0,100.0,100.0
TCTATCGCTCCAGACTCTTC,100,100,100,100,100.0,100.0,100.0,100.0
ACTAGCTACAGATGTCCTCG,100,100,100,100,100.0,100.0,100.0,100.0
GTCTAAATAAGGGCAGCAGG,100,100,100,100,100.0,100.0,100.0,100.0
GAGGCTGGGTCAATGTATTC,100,100,100,100,100.0,100.0,100.0,100.0
CCGGTTTAAGGGCTAGAATG,100,100,100,0,100.0,100.0,100.0,0.0
TAACGGTAGACCCATACGAG,100,100,100,100,100.0,100.0,100.0,100.0
GGCCTGGAATTAGTGCTAAG,100,100,100,0,100.0,100.0,100.0,0.0
GAGCCAAACCTAATAGCCAG,100,100,100,100,100.0,100.0,100.0,100.0
GCTTAGAGATCGAGTCAGGA,100,100,100,100,100.0,100.0,100.0,100.0
CATGTCAGTTAGGGCAGATG,100,100,100,100,100.0,100.0,100.0,100.0
CCCATCATAACCGAAACCTC,100,100,100,100,100.0,100.0,100.0,100.0
GCCTGGATGAATGTTAGGAC,100,100,100,100,100.0,100.0,100.0,100.0
TAGAGACTATGAGACGCACC,100,100,100,100,100.0,100.0,100.0,100.0
GGGTGTTCCTCGATTAATGG,100,100,100,100,100.0,100.0,100.0,100.0
CGATTAAGAACACCCATCCC,100,100,100,0,100.0,100.0,100.0,0.0
CAGAGATCTAAAGGCTTGGC,100,100,100,100,100.0,100.0,100.0,100.0
GCTTCTCTCACCAATGCTAG,0,100,100,0,0.0,100.0,100.0,0.0
GATCTAGGGTCATGTTTGCC,100,100,100,100,100.0,100.0,100.0,100.0
CGAATTCCAATCTGAGGTCC,100,100,100,100,100.0,100.0,100.0,100.0
GTCAGTAATGCTCCACCATC,100,100,100,100,100.0,100.0,100.0,100.0
CTGGGTGTATAAAGGAAGCG,100,100,100,100,100.0,100.0,100.0,100.0
CCTCCCTCATCGTCAAATTC,100,100,100,100,100.0,100.0,100.0,100.0
CCCATGATACCAAACGTACC,100,100,100,100,100.0,100.0,100.0,100.0
CGCCTAGTTTTCATCCTGAG,100,100,100,0,100.0,100.0,100.0,0.0
GGAAGGGGGTGTTAGTTCTA,0,0,0,0,0.0,0.0,0.0,0.0
GTATGAAGAGTTTACCCCGC,100,100,100,0,100.0,100.0,100.0,0.0
GGATACCTTCTGAGCGTTTC,100,100,100,100,100.0,100.0,100.0,100.0
TTCCCTTTACTACCCACCTC,100,100,100,100,100.0,100.0,100.0,100.0
CGTTCATAGTGTGGGTCATC,100,100,100,100,100.0,100.0,100.0,100.0
GCCGTAACATGTACCCTAAC,100,100,100,0,100.0,100.0,100.0,0.0
CCTCACAGTTATGCTTACCG,100,100,100,0,100.0,100.0,100.0,0.0
CAAGACCACGCCTATAGTTG,100,100,100,100,100.0,100.0,100.0,100.0
GTCGATGGTTGGTATGTCAG,100,100,100,100,100.0,100.0,100.0,100.0
CGACTGCATAGGGTTTAGTG,100,100,100,100,100.0,100.0,100.0,100.0
CTAGAACGATTCAAGCAGGG,100,100,100,100,100.0,100.0,100.0,100.0
CTACTATGCCGAACAACCAG,100,100,100,100,100.0,100.0,100.0,100.0
CTCTTCCATTAGCAACTCCG,100,100,100,100,100.0,100.0,100.0,100.0
CAATTCGACAGAGGGATCAC,100,100,100,100,100.0,100.0,100.0,100.0
CAGTTAGCGACAATACCAGG,100,100,100,100,100.0,100.0,100.0,100.0
CCGGGTTATAAGAAACGTCC,100,100,100,0,100.0,100.0,100.0,0.0
GGTTTACGATGTAGGCTTCC,100,100,100,100,100.0,100.0,100.0,100.0
TCTGGGGTAGGTTTAGTGAC,100,100,100,0,100.0,100.0,100.0,0.0
CGGTAACCCTCAAATACGAC,100,100,100,100,100.0,100.0,100.0,100.0
GAGGAAAGATACTTGGACGC,100,100,100,100,100.0,100.0,100.0,100.0
CTTACGTCTCTCCATTGCTG,0,100,100,0,0.0,100.0,100.0,0.0
CACTGCATACAACCTCGTAG,100,100,100,100,100.0,100.0,100.0,100.0
GAGCGATAAACTCTGTGGAC,100,100,100,100,100.0,100.0,100.0,100.0
AGAAGAAGGACCAGGAAGAG,100,100,100,100,100.0,100.0,100.0,100.0
GGTGATGACGATCTGTGAAG,100,100,100,100,100.0,100.0,100.0,100.0
GCAGAACTCGGATACTCAAC,100,100,100,100,100.0,100.0,100.0,100.0
GCTGTCTTTACCTTAGCTCG,100,100,100,100,100.0,100.0,100.0,100.0
GCACTTTCCTACACGATACC,100,100,100,100,100.0,100.0,100.0,100.0
GGTGTCGCTCAGATTACTTC,100,100,100,100,100.0,100.0,100.0,100.0
GCCGTCCAGAGTAAATGTAC,100,100,100,0,100.0,100.0,100.0,0.0
CAGCCTCGTGTTACATAGTG,100,100,100,100,100.0,100.0,100.0,100.0
GAAGACGGTGCCTACAATAC,100,100,100,100,100.0,100.0,100.0,100.0
CCAGATAAGACAGTGCGAAG,100,100,100,100,100.0,100.0,100.0,100.0
TCCTTAGTCCTAACCACACC,100,100,100,100,100.0,100.0,100.0,100.0
GACTCGGTATGTACGGTTTG,100,100,100,100,100.0,100.0,100.0,100.0
TATAGTGCTATCCTGGGCTG,100,100,100,100,100.0,100.0,100.0,100.0
GTCAACTAGAGGGGAGTGAA,100,100,100,0,100.0,100.0,100.0,0.0
CCGTTCCGTTAGATGTTCTC,100,100,100,100,100.0,100.0,100.0,100.0
GTCTCTTCATCTGCGTCTTC,100,100,100,100,100.0,100.0,100.0,100.0
CTTACGTTCAATCCCGACTC,100,100,100,100,100.0,100.0,100.0,100.0
TCTGGGGATAGCTCGATTAC,100,100,100,0,100.0,100.0,100.0,0.0
CCACCTGTCCTACACTAACT,100,100,100,100,100.0,100.0,100.0,100.0
GAAGTGTATACGTGTCCTGC,100,100,100,100,100.0,100.0,100.0,100.0
TAGTAATGGGTAGGAGGGGA,100,100,100,0,100.0,100.0,100.0,0.0
TATGATCGGACTCAGGGATG,100,100,100,100,100.0,100.0,100.0,100.0
CTCAGGTCGATGGATATGGA,100,100,100,100,100.0,100.0,100.0,100.0
GTCTTGTATCGTCGTGTCAG,100,100,100,100,100.0,100.0,100.0,100.0
GTCTATACCCATCGAGAGCA,100,100,100,100,100.0,100.0,100.0,100.0
AGATACCCCAGACTACCTCT,100,100,100,0,100.0,100.0,100.0,0.0
TTCCCCCTATAAACAGACCC,0,0,0,0,0.0,0.0,0.0,0.0
CCAACAAGGTAAGGTTCCAG,100,100,100,100,100.0,100.0,100.0,100.0
GAACCCGATATACCGAGACT,100,100,100,100,100.0,100.0,100.0,100.0
CAGAGTGTATCGGCCTATCT,100,100,100,100,100.0,100.0,100.0,100.0
CCACCCCAGCTTATTATTCG,100,100,100,0,100.0,100.0,100.0,0.0
CTCGACGTGCTAAACAGTAG,100,100,100,100,100.0,100.0,100.0,100.0
GTTCCCAACTTTCCTGTCTC,100,100,100,100,100.0,100.0,100.0,100.0
CTATCGCACAGTAGAGGCTA,100,100,100,100,100.0,100.0,100.0,100.0
CAGGTAATGTGCTATGAGGC,100,53,53,53,100.0,53.0,53.0,53.0
GGGGGCGACAATAGATTAAC,100,100,100,0,100.0,100.0,100.0,0.0
GCATATTAGAAACCGTCCCC,100,100,100,0,100.0,100.0,100.0,0.0
CTGCTCCACCATGTCATATG,100,100,100,100,100.0,100.0,100.0,100.0
CATATGCCCAACGGAACTAG,100,100,100,100,100.0,100.0,100.0,100.0
CCATTATACACCTTGCCGAG,100,100,100,100,100.0,100.0,100.0,100.0
CTAGCATACATCGTGTTGGG,100,100,100,100,100.0,100.0,100.0,100.0
GGTCTGATAATTGCTCCGAC,100,100,100,100,100.0,100.0,100.0,100.0
GAGGTCTAATGATGCCGTTC,100,100,100,100,100.0,100.0,100.0,100.0
GAAAGCGGGCTATGTAAGAG,100,100,100,100,100.0,100.0,100.0,100.0
GCACGTTCCCTTATATGACC,100,100,100,26,100.0,100.0,100.0,26.0
GACGATCCCTCATAGTTTGC,100,100,100,100,100.0,100.0,100.0,100.0
GGTCGTATATTTGCACCCTC,100,100,100,100,100.0,100.0,100.0,100.0
CACACATCTACATAGGCAGC,100,100,100,100,100.0,100.0,100.0,100.0
GATCTGGCTTCCGTAATGAC,100,100,100,100,100.0,100.0,100.0,100.0
AGTGGGGTAGGGATGTTTAG,100,100,100,0,100.0,100.0,100.0,0.0
TAGAAGGATGTTGGGGACTC,100,100,100,0,100.0,100.0,100.0,0.0
GAAGTGCGGTTATCAGGATC,100,100,100,100,100.0,100.0,100.0,100.0
GGAATCTTACGCACATCCTC,100,100,100,100,100.0,100.0,100.0,100.0
GCATAAAGAGCCTAGACAGC,100,100,100,100,100.0,100.0,100.0,100.0
CAGAACCCTCTCACCCTTAT,100,100,100,100,100.0,100.0,100.0,100.0
CAGCTAAACTCGGTATGCTC,100,100,100,100,100.0,100.0,100.0,100.0
GTCTACTGGAATGCTTAGCG,100,100,100,100,100.0,100.0,100.0,100.0
GAGGTTAAGTGCTCGCTATG,100,100,100,100,100.0,100.0,100.0,100.0
GAATACTGTCACCTCATCGC,100,100,100,100,100.0,100.0,100.0,100.0
CCGCAGACAGTAAGCTAATC,100,100,100,0,100.0,100.0,100.0,0.0
GATGGATTCACGAGTAACCG,100,50,50,50,100.0,50.0,50.0,50.0
CCAGGACCAGTACCAATAGT,100,100,100,100,100.0,100.0,100.0,100.0
CTCCCCAATCAAGGACTACT,100,100,100,0,100.0,100.0,100.0,0.0
CCCCAACCTCATCTCTACTT,100,100,100,100,100.0,100.0,100.0,100.0
CGGCATCTGAGAACATGTAG,100,100,100,0,100.0,100.0,100.0,0.0
TGTGGTCTCAATAGGGGTAC,100,100,100,0,100.0,100.0,100.0,0.0
GGGAGTGAACTAGCTAACCT,100,100,100,0,100.0,100.0,100.0,0.0
GATGACCCACACCTAAGAGA,100,100,100,100,100.0,100.0,100.0,100.0
CGAAGTAGACGGCCTAAATG,100,100,100,100,100.0,100.0,100.0,100.0
CTACACACTAGCTCGCATTC,0,100,100,0,0.0,100.0,100.0,0.0
CGTCTAACAGTTATGCTCCG,100,100,100,0,100.0,100.0,100.0,0.0
CTAACGTATGAGTCTGCTGC,100,100,100,100,100.0,100.0,100.0,100.0
CATAGGCGTAGTTTCTTCGG,100,100,100,100,100.0,100.0,100.0,100.0
CTTCTGACTAGGTGCCTACA,100,100,100,100,100.0,100.0,100.0,100.0
TTAGACTAACACCCGTACCC,100,100,100,100,100.0,100.0,100.0,100.0
GATTCTAAAGCGGACGACTC,100,100,100,100,100.0,100.0,100.0,100.0
TATATCCCATCGCTCAGACC,100,100,100,100,100.0,100.0,100.0,100.0
CCCATTTTCAACTGAGGAGG,100,100,100,0,100.0,100.0,100.0,0.0
TACATACCCACTCCAGTCAC,100,100,100,100,100.0,100.0,100.0,100.0
TACCTCCGTTCTGTTCTCTC,0,100,100,0,0.0,100.0,100.0,0.0
GACGAGAAAGAGGGAGGTTA,100,100,100,100,100.0,100.0,100.0,100.0
GTACGATACAAGTCAGACGC,100,100,100,100,100.0,100.0,100.0,100.0
TTCGACAGACTTCCTCTACC,100,100,100,100,100.0,100.0,100.0,100.0
CTACTGAAAAACCCCCGAAG,0,0,0,0,0.0,0.0,0.0,0.0
GACTAAAACCTTCAGCCTGG,100,100,100,0,100.0,100.0,100.0,0.0
GAAGTTTTGAGGCTAGGTGG,100,100,100,0,100.0,100.0,100.0,0.0
CTTCAAAGTCAAGCCCTACC,100,100,100,100,100.0,100.0,100.0,100.0
CCCCTCTGATGTGTTCTTTG,100,100,100,0,100.0,100.0,100.0,0.0
GAGAGCGGGTATACGGATTA,100,100,100,100,100.0,100.0,100.0,100.0
TAGGGACGAGTACTTCACAC,100,100,100,100,100.0,100.0,100.0,100.0
GACTTTTCAGGTAGTGCAGG,100,100,100,0,100.0,100.0,100.0,0.0
ACGAGTGTAGTCTAAGGGTG,100,100,100,100,100.0,100.0,100.0,100.0
TCGCTATATACGGTCCACTC,0,100,100,0,0.0,100.0,100.0,0.0
CCACCAGTGAGTTAGAAAGC,100,100,100,100,100.0,100.0,100.0,100.0
CTGATATGGAGCTGGCATTC,100,100,100,100,100.0,100.0,100.0,100.0
CTGTCAAAGCCAACCTACTC,100,100,100,100,100.0,100.0,100.0,100.0
